Id Persona;NIF;Nombre;Primer Apellido;Segundo Apellido;Telefono
1;58324028K;Francisco;Diaz;Hernández;798410322
2;85170061C;Manuel;González;Ruiz;775055577
3;37475863J;Marta;Muñoz;García;679116163
4;32786007N;Laura;González;Fernández;769188170
5;77873609K;Marta;Rodríguez;Pérez;635867724
6;51102342R;Pedro;Jiménez;Moreno;725075432
7;55157254V;Antonio;Jiménez;Gómez;605264291
8;70082809R;Javier;Pérez;Gómez;628496115
9;59180976F;Juan;González;González;746163361
10;53246960V;María;Jiménez;Pérez;656664129
11;26606990K;David;Muñoz;Rodríguez;739544950
12;62418008T;Francisco;Muñoz;Martínez;780249400
13;13774082K;José;Pérez;García;677007955
14;77265476A;Elena;Martín;García;792110009
15;23986987Y;Pedro;Moreno;Rodríguez;694346169
16;66598360A;José;Jiménez;García;727557570
17;97116576K;David;Martínez;Martínez;616910129
18;77992712R;Isabel;Diaz;Fernández;612014107
19;89879108S;Antonio;Fernández;Martín;797160579
20;76667420K;Marta;Ruiz;Moreno;799534880
21;35006438Z;David;Hernández;Hernández;791685389
22;41420645G;Francisco;Gómez;Gómez;622663259
23;40175122S;Antonio;Fernández;García;658402412
24;88148199P;Francisco;García;López;785167607
25;13446943P;Carmen;García;Moreno;780309696
26;93601444Q;Ana;Diaz;Moreno;737319075
27;93820591L;Lucía;Fernández;Pérez;736183973
28;64039438B;Ana;Muñoz;Diaz;680536739
29;20708197T;María;Jiménez;Hernández;681661623
30;26625043H;Carmen;Hernández;Ruiz;694273220
31;32836805Z;Laura;Moreno;Muñoz;770013042
32;66202688L;Isabel;González;García;771613415
33;78635058E;María;Martínez;Hernández;754621092
34;36215747P;Laura;López;Sánchez;746817504
35;42198432C;Juan;García;García;718911966
36;93743115A;David;Martínez;Martín;713892771
37;18687521Y;María;Martín;Ruiz;709232212
38;77002973P;David;Sánchez;Diaz;614260731
39;61424288H;Javier;Pérez;Moreno;620829905
40;59172804E;Manuel;García;Rodríguez;754310144
41;88282630C;Elena;Sánchez;Martínez;764793420
42;93652365L;Laura;Sánchez;Rodríguez;711391955
43;91162245L;Carmen;Hernández;Rodríguez;705996945
44;10585820X;Francisco;Gómez;Fernández;778964671
45;11325503R;Lucía;Rodríguez;Ruiz;793659041
46;92245937Y;José;Sánchez;Fernández;755551648
47;23215545L;José;Pérez;García;748098804
48;89916638P;Elena;Martín;Gómez;742384713
49;95276788C;José;Ruiz;Moreno;755300420
50;52707156Y;Pedro;Sánchez;Fernández;600143027
51;21428357H;María;Muñoz;Moreno;624257656
52;14746496V;Elena;Muñoz;Fernández;654519757
53;79177454V;Javier;Martín;González;766670782
54;13013467Y;David;García;Diaz;725858220
55;12697743B;Isabel;Diaz;Rodríguez;725177295
56;94627164F;Lucía;González;Moreno;674475327
57;52322782L;Laura;Muñoz;López;656352926
58;86645133Z;Marta;Diaz;Martín;694266747
59;22919631S;Antonio;Rodríguez;Gómez;780156131
60;87977657G;María;Martínez;Ruiz;642953401
61;71335446S;David;García;Martínez;700744691
62;47743069V;Ana;Pérez;López;731917413
63;31779645N;Pedro;Pérez;González;700193952
64;11579232A;Javier;Gómez;Ruiz;788692624
65;89834136W;Carmen;Gómez;Rodríguez;716267316
66;44731929B;Marta;Sánchez;Jiménez;640687644
67;35164272E;Elena;González;Martínez;635665161
68;14071095L;Francisco;Ruiz;Rodríguez;644603568
69;84013923S;Laura;Diaz;Pérez;724911495
70;36391361G;Laura;Fernández;Hernández;774983876
71;26068452C;Ana;Moreno;Moreno;726928521
72;48977108R;José;Hernández;Gómez;770363808
73;41624111H;Javier;García;González;684094413
74;36203476P;Pedro;Fernández;López;700950944
75;26157526E;Elena;Fernández;Martín;640511287
76;27294300Q;Javier;Rodríguez;Diaz;721998594
77;53261883B;Juan;Pérez;Rodríguez;721603109
78;35534960V;Marta;Martín;Hernández;738938435
79;35804571B;Lucía;López;Ruiz;679363797
80;10654134Q;Antonio;Hernández;González;787035248
81;36610707A;Isabel;García;Pérez;624838815
82;16582958M;David;Pérez;Sánchez;701611165
83;60218966B;María;Rodríguez;García;787491095
84;69501963L;Ana;Sánchez;Jiménez;798229300
85;43536203S;Elena;Hernández;López;694078152
86;80407978Y;Juan;Pérez;Hernández;717637027
87;63239447R;Marta;López;Gómez;703194292
88;68280494L;Juan;Fernández;González;796863450
89;48834891N;David;Gómez;Sánchez;689669158
90;28423230V;Manuel;Martín;García;774343242
91;29697848G;Javier;López;Fernández;788199524
92;28103714S;María;Pérez;López;763738774
93;60915039J;Francisco;Martínez;Fernández;689218034
94;28139158S;Carmen;Diaz;Moreno;711848494
95;63580876Z;David;Moreno;Ruiz;771207545
96;78600742L;Laura;Sánchez;Diaz;684130044
97;84446739G;Lucía;García;Muñoz;786392981
98;10563799T;Carmen;Gómez;Moreno;615494185
99;54234706G;Javier;Martín;López;727829181
100;66696031K;Isabel;Pérez;Muñoz;702054255
